1,History,Nate Whinter,2021-04-07,
2,Spanish,Gil Benfield,2022-08-06,
3,Instrumental Music,Gabriel Powell,2021-07-15,
4,Handwriting,Bryon Rosenbloom,2021-04-06,
5,Geography,Julian Cox,2022-04-09,
6,LOGIC,Enoch Henderson,2021-11-19,
7,History,Phillip Vaughan,2021-04-08,
8,Ecology,Owen Murphy,2021-04-14,
9,Resource Program,Erica Dale,2021-12-05,
10,Health,Maya Dillon,2021-01-03,
11,LOGIC,John Callan,2022-11-06,
12,Accounting,Bristol Yard,2021-10-22,
13,Ancient Civilizations,Liam Lee,2022-11-17,
14,Basic Math,Angel Young,2020-12-25,
15,Art,Lily Hunt,2021-02-27,
16,LOGIC,Katelyn Irwin,2022-11-24,
17,Grammar,Barry Olivier,2021-05-04,
18,Sociology,Barry Matthews,2021-06-22,
19,Physical Education,Janelle Bradshaw,2021-01-30,
20,Mathematics,Felicity Ellery,2022-02-15,
21,Accounting,Aileen Ainsworth,2022-10-20,
22,History,Lucas Sawyer,2021-11-07,
23,Latin,William Amstead,2021-08-18,
24,Speech,Rick Booth,2022-09-02,
25,LOGIC,Dorothy Styles,2022-01-10,
26,Earth Science,Lucy Abbot,2021-10-23,
27,Dramatics,Mabel Davies,2021-03-10,
28,English IV,Marvin Redfern,2022-05-07,
29,Health,Hayden Fisher,2022-01-03,
30,Trigonometry,Phillip Slater,2021-07-17,
31,English IV,Julius Palmer,2022-03-21,
32,Science,Boris Mullins,2021-05-02,
33,English IV,Chris Stone,2022-08-12,
34,Handwriting,Bernadette Donnelly,2022-09-25,
35,Language Arts,Sydney Jarvis,2020-12-24,
36,English IV,Lauren Hamilton,2022-10-04,
37,Economics,Mike Bishop,2022-01-18,
38,Sociology,Lara Kelly,2021-04-02,
39,Latin,Roger Connell,2021-08-01,
40,Ancient Civilizations,Johnathan Flanders,2022-06-09,
41,Trigonometry,Liliana Mcleod,2021-10-09,
42,Accounting,Julian Thatcher,2022-09-17,
43,Geography,Remy Ward,2021-09-17,
44,Modern Literature,Sofia Eastwood,2022-05-22,
45,Latin,Brad Robinson,2021-11-07,
46,Mathematics,Nicholas Parker,2022-03-04,
47,Accounting,Amy Button,2022-02-22,
48,Modern Literature,Barney Judd,2022-11-23,
49,Economics,Alan Kelly,2021-05-19,
50,Latin,Elijah Benson,2022-09-01,
51,Handwriting,Johnathan London,2021-07-04,
52,Leadership,David Redden,2021-02-04,
53,Science,Elijah Jordan,2021-01-12,
54,Science,Melanie Weston,2021-09-26,
55,Modern Literature,Leah Simpson,2021-08-13,
56,History,Ramon Vass,2021-06-10,
57,Ecology,Logan Lewin,2021-07-22,
58,Dramatics,Hayden Duvall,2022-06-17,
59,German,Sloane Murray,2022-05-08,
60,Mathematics,Sloane Kidd,2022-10-02,
61,LOGIC,Bob Grey,2021-10-07,
62,Resource Program,Audrey Matthews,2021-01-20,
63,Modern Literature,Bryon Lewis,2022-07-24,
64,Leadership,Sebastian Kelly,2021-11-23,
65,Instrumental Music,Janice Dallas,2021-10-18,
66,Latin,Doug Clayton,2021-09-05,
67,Ancient Civilizations,Marvin Addis,2020-12-16,
68,History,Joseph Hill,2021-09-18,
69,Basic Math,Sabrina Porter,2021-10-05,
70,German,Scarlett Rowe,2021-11-01,
71,Earth Science,Christy Mcguire,2020-12-22,
72,Art,Noemi Varndell,2022-10-04,
73,Geography,Ruby Cox,2022-01-13,
74,American Literature,Johnny Thomson,2021-04-26,
75,Sociology,Phillip Coll,2021-02-16,
76,Modern Literature,Isla Darcy,2022-07-02,
77,Health,Boris James,2022-09-16,
78,English IV,Rhea Eyres,2021-05-07,
79,American Literature,Mike Clifton,2021-12-19,
80,Trigonometry,Marigold Flanders,2021-11-13,
81,Latin,Makena Payne,2022-03-13,
82,American Literature,Kaylee Dixon,2022-04-28,
83,Ecology,Summer Wilde,2021-11-17,
84,Ancient Civilizations,Maxwell Palmer,2022-11-12,
85,English IV,Erick Parr,2022-08-29,
86,Science,Joy Gavin,2021-09-06,
87,Latin,Peyton Parker,2021-10-25,
88,Design and technology,Eden Nayler,2021-06-30,
89,Modern Literature,Logan Isaac,2021-04-11,
90,Grammar,Denis Edler,2022-08-04,
91,Art,Johnny Hastings,2021-06-12,
92,Leadership,Rita Brock,2022-05-04,
93,Instrumental Music,Leroy Turner,2021-04-20,
94,Science,Tyler Walter,2022-10-04,
95,Trigonometry,Ruby Lewis,2022-04-29,
96,Speech,Peyton Glynn,2021-07-06,
97,Geography,Oliver Utterson,2021-04-26,
98,Grammar,Carl Yarlett,2022-11-27,
99,Physical Education,Chester Gregory,2022-08-08,
100,Sociology,Jaylene Andersson,2021-01-15,
101,Physical Education,Sebastian Tanner,2021-09-08,
102,Handwriting,Bryon Dixon,2021-10-14,
103,Leadership,Liam Carson,2022-10-13,
104,French,Owen Harris,2021-11-09,
105,Basic Math,Barney Amstead,2021-02-15,
106,American Literature,Elijah Sloan,2022-04-16,
107,Speech,Lucy Wilkinson,2021-01-14,
108,Instrumental Music,Violet Kerr,2021-05-09,
109,Basic Math,Domenic Campbell,2021-07-15,
110,French,Cedrick Dubois,2020-12-03,
111,Health,Leslie Tyler,2021-01-26,
112,English IV,Hayden Squire,2021-12-20,
113,French,Wade Knott,2022-06-10,
114,Leadership,Willow Norburn,2021-11-25,
115,Modern Literature,Ronald Lloyd,2022-01-29,
116,History,Mayleen Jarrett,2022-03-30,
117,Ancient Civilizations,Ethan Griffiths,2022-05-09,
118,Music,Fred Morrison,2022-08-18,
119,American Literature,Alexa Vaughan,2022-08-23,
120,Geography,Bart Flanders,2022-07-26,
121,Leadership,Lucy Bloom,2022-10-12,
122,Health,Bob Palmer,2020-12-04,
123,Mathematics,Nicholas Buckley,2021-01-05,
124,Music,Michael Edley,2021-07-26,
125,Spanish,Nate Yates,2021-07-13,
126,French,Caleb Butler,2021-01-03,
127,American Literature,Cedrick Ellwood,2021-09-16,
128,Basic Math,Cameron Griffiths,2022-04-30,
129,Science,Daniel Farrow,2021-06-27,
130,Latin,Mona Summers,2021-11-15,
131,History,Josh Nicholls,2022-04-06,
132,Language Arts,Parker Roberts,2022-10-30,
133,American Literature,Colleen May,2022-05-10,
134,Resource Program,Lana Thomas,2022-11-06,
135,Language Arts,Alan Yang,2021-11-19,
136,Latin,Kieth James,2021-06-15,
137,Health,Domenic Janes,2021-10-14,
138,Health,Ilona Gordon,2022-03-09,
139,History,Alessia Watson,2021-12-07,
140,Design and technology,Rosalyn Evans,2022-06-19,
141,Sociology,Hank Ainsworth,2022-08-13,
142,Dramatics,Jocelyn May,2022-01-01,
143,American Literature,Davina Cooper,2021-03-22,
144,Physical Education,Anthony Addison,2021-12-02,
145,Accounting,Rhea Todd,2021-06-07,
146,LOGIC,Rae Holmes,2020-12-04,
147,Earth Science,Paula Stanley,2021-12-01,
148,American Literature,Rocco Ashwell,2022-08-04,
149,Physical Education,Alba Savage,2022-07-26,
150,German,Bryon Skinner,2021-07-12,
151,Economics,Gil Kelly,2021-12-10,
152,Science,Liv Dwyer,2022-10-07,
153,Basic Math,Doris Purvis,2021-09-02,
154,Speech,Luna Keys,2022-02-11,
155,Resource Program,Nate Knott,2020-12-07,
156,History,Leslie Rossi,2020-12-11,
157,Language Arts,Peter Williams,2022-04-01,
158,Trigonometry,Kieth Egerton,2022-04-10,
159,Ancient Civilizations,Kate Corbett,2021-06-26,
160,Speech,Luke Barrett,2022-04-20,
161,Geography,Cara Norris,2020-12-19,
162,LOGIC,Trisha Knott,2021-03-22,
163,Economics,Carter Uttridge,2021-12-04,
164,Resource Program,Domenic Harris,2021-01-13,
165,Dramatics,Nick Cadman,2022-06-24,
166,Mathematics,Piper Hill,2022-11-25,
167,Sociology,Andie Willson,2021-03-16,
168,Earth Science,Olivia Patel,2021-04-13,
169,Spanish,Shay Bryant,2021-10-12,
170,Resource Program,Javier Rogan,2021-06-05,
171,Accounting,Hank Radcliffe,2021-11-18,
172,Science,Boris Durrant,2022-03-09,
173,Science,Ciara Steer,2020-12-25,
174,Basic Math,Alexia Flett,2022-03-16,
175,Grammar,Isabella Weasley,2022-05-31,
176,Grammar,Noah Bennett,2021-11-29,
177,Speech,Darlene Wade,2021-11-09,
178,Dramatics,Percy Eastwood,2021-08-22,
179,Speech,Sasha Gibbons,2021-08-01,
180,Grammar,Amy Torres,2020-12-16,
181,English IV,Lucas Noach,2021-12-04,
182,Economics,William Nobbs,2022-02-05,
183,Modern Literature,Greta Yarwood,2022-11-03,
184,German,Aleksandra Vallory,2022-05-23,
185,Dramatics,Tom Moore,2022-08-14,
186,Instrumental Music,Rosalee Cavanagh,2021-09-16,
187,Health,Megan Simpson,2021-02-19,
188,Design and technology,Sage Curtis,2022-11-09,
189,Speech,Martin Dann,2021-01-27,
190,Speech,Melanie Johnson,2021-05-21,
191,Art,Sage Farmer,2021-09-27,
192,Latin,Alexia Dixon,2022-03-08,
193,Grammar,Joseph Kennedy,2022-11-23,
194,Art,Daron Farrell,2021-09-17,
195,LOGIC,Ron Mitchell,2022-07-03,
196,English IV,Ramon King,2022-11-21,
197,Language Arts,Andie Zaoui,2022-09-23,
198,Accounting,Ruth Poole,2021-02-02,
199,Handwriting,Bernadette Dale,2021-08-25,
200,Modern Literature,Denny Fleming,2021-12-25,
201,Health,Marvin Atkinson,2021-09-11,
202,French,Nancy Duvall,2021-02-07,
203,Ancient Civilizations,Carter Williams,2021-05-11,
204,Dramatics,Aiden Rowe,2022-11-23,
205,Ancient Civilizations,Gloria Redden,2022-04-01,
206,Dramatics,Charlize Calderwood,2021-09-06,
207,Grammar,Marvin Lyon,2022-09-07,
208,German,Alan Healy,2022-07-14,
209,Language Arts,Enoch Barclay,2021-06-28,
210,Modern Literature,Alan Chapman,2022-05-26,
211,Spanish,Jack Bennett,2021-11-27,
212,Trigonometry,Colleen Palmer,2022-11-24,
213,German,Isabella Davies,2021-11-02,
214,LOGIC,Brooklyn Hunt,2021-05-03,
215,Modern Literature,Joy Holmes,2022-11-20,
216,Design and technology,Elijah Jackson,2021-04-21,
217,Design and technology,Benny Walker,2022-01-23,
218,Sociology,Carmen Gosling,2021-12-28,
219,Modern Literature,Daniel Jarrett,2022-09-17,
220,Ancient Civilizations,John Eaton,2021-11-02,
221,American Literature,Piper Nanton,2022-05-28,
222,Design and technology,Nicholas Rehman,2022-11-24,
223,Handwriting,Remy Vass,2021-11-27,
224,Instrumental Music,Carter Swift,2022-04-05,
225,LOGIC,Matt Evans,2022-02-06,
226,Music,Anabelle Cassidy,2022-08-28,
227,Mathematics,Fiona Richards,2022-08-20,
228,American Literature,Hanna Widdows,2021-05-14,
229,English IV,Rae Allen,2022-08-16,
230,Modern Literature,Nick Moss,2022-04-16,
231,American Literature,Julian Palmer,2022-11-09,
232,Language Arts,Tony Parsons,2022-03-12,
233,French,Crystal King,2022-11-17,
234,Music,Rosa Samuel,2021-10-09,
235,Health,Lindsay Forth,2021-11-19,
236,Music,Leroy Barrett,2021-10-01,
237,Art,Cedrick Burge,2022-05-05,
238,Resource Program,Hank Button,2022-09-06,
239,Instrumental Music,Celina Tait,2022-01-21,
240,American Literature,Maia Cork,2021-09-10,
241,Accounting,Stacy Shields,2022-08-31,
242,French,Bethany Greenwood,2021-11-26,
243,American Literature,Tom Fleming,2022-03-26,
244,History,Raquel Saunders,2021-03-13,
245,Latin,Danny Ralph,2022-11-26,
246,Basic Math,Adela Murray,2021-12-07,
247,History,Jessica Reynolds,2022-09-11,
248,Sociology,Francesca Gosling,2022-04-20,
249,Earth Science,Ciara Cameron,2022-06-02,
250,Science,Rosalyn Russel,2021-01-26,
251,Instrumental Music,Benjamin Faulkner,2021-02-05,
252,Leadership,Ramon Salt,2020-12-22,
253,Art,Martha Emmett,2020-12-09,
254,Music,Denny Weston,2021-09-14,
255,Accounting,Clint Doherty,2021-10-12,
256,Resource Program,Elijah Davies,2020-12-24,
257,English IV,Matthew Coleman,2020-12-07,
258,Health,Liliana Allwood,2021-09-11,
259,Basic Math,Wade Plumb,2021-02-23,
260,Accounting,Paula Butler,2021-09-15,
261,Leadership,Victoria London,2021-12-09,
262,Art,Alessandra Thorne,2021-05-27,
263,Leadership,Bernadette Connor,2022-11-07,
264,Handwriting,Nicholas Wigley,2022-07-16,
265,French,Michelle Cattell,2021-08-17,
266,Music,John Dwyer,2022-09-01,
267,Earth Science,Chad Cann,2021-10-30,
268,Mathematics,Nate Flanders,2021-02-27,
269,Sociology,Eduardo Sherwood,2022-09-15,
270,Latin,Bart Barclay,2021-08-29,
271,Latin,Wendy Brennan,2021-01-05,
272,Resource Program,Erin Horton,2022-05-09,
273,Language Arts,Alan Burnley,2022-12-01,
274,Grammar,Abdul Giles,2021-03-17,
275,Dramatics,Kieth Lowe,2021-08-29,
276,Basic Math,Daron Wren,2022-06-12,
277,Language Arts,Erica Olivier,2022-07-08,
278,Instrumental Music,Ilona Attwood,2021-01-19,
279,Physical Education,Lily Ellery,2021-02-02,
280,Sociology,Barney Paterson,2021-11-15,
281,Basic Math,Luna Woodley,2022-10-11,
282,History,Samantha Cooper,2021-05-06,
283,English IV,Caleb Henderson,2021-05-05,
284,Sociology,Nathan Myatt,2021-10-04,
285,Handwriting,Julianna Bowen,2022-01-29,
286,Geography,Adela Calderwood,2021-02-17,
287,Trigonometry,Eve Armstrong,2022-09-25,
288,Ancient Civilizations,Oliver Oliver,2021-06-24,
289,Health,Sonya Martin,2022-06-05,
290,Speech,Payton Fall,2022-01-03,
291,English IV,Luke Irwin,2021-07-01,
292,Economics,Bryce Mcnally,2021-10-28,
293,French,Erick Sanchez,2021-02-27,
294,Art,Manuel Page ,2021-02-03,
295,American Literature,Naomi Archer,2021-01-30,
296,Art,Oliver Skinner,2021-10-25,
297,Sociology,Penny Harris,2022-05-17,
298,Economics,William Holt,2021-06-04,
299,Mathematics,Mavis Bolton,2022-05-21,
300,Spanish,Juliet Owens,2021-06-27,
301,Spanish,Elijah Sheldon,2022-10-20,
302,English IV,Hayden Fleming,2021-10-21,
303,Music,Megan Gregory,2022-10-23,
304,Handwriting,Brooklyn Gordon,2022-05-31,
305,Handwriting,Julius Becker,2022-03-31,
306,Art,Chris Gavin,2022-07-02,
307,German,Daron Roberts,2022-06-14,
308,Instrumental Music,Lillian Preston,2021-12-02,
309,Instrumental Music,Julius Hogg,2021-11-10,
310,Trigonometry,Makena Exton,2022-01-28,
311,Handwriting,Ryan Stanton,2022-09-16,
312,Leadership,Hanna Cavanagh,2022-08-21,
313,LOGIC,Doug Simpson,2021-10-08,
314,Language Arts,Henry Owens,2020-12-10,
315,Modern Literature,Enoch Giles,2021-07-02,
316,German,Amelia Jenkin,2022-01-28,
317,Trigonometry,Bart Eddison,2022-09-16,
318,Trigonometry,Juliette Bryson,2022-09-06,
319,Design and technology,Caitlyn Moore,2022-04-12,
320,Ecology,Nick Brennan,2022-09-28,
321,Trigonometry,Blake Wilton,2021-01-29,
322,Geography,Tom Bristow,2022-11-27,
323,Language Arts,Barry Appleton,2021-12-20,
324,Earth Science,Oliver Ranks,2021-03-25,
325,French,Cecilia Adams,2022-01-11,
326,Geography,Carina Uttridge,2022-04-04,
327,Leadership,Willow Swift,2022-09-12,
328,Health,Jayden Moreno,2022-03-27,
329,Ecology,Jack Stuart,2021-11-08,
330,English IV,Owen Bradshaw,2021-04-15,
331,Geography,Hope Nurton,2021-02-02,
332,Latin,Chad Reid,2022-07-22,
333,Music,Florence Swift,2021-09-22,
334,Modern Literature,Rylee West,2021-01-18,
335,Handwriting,Luke Higgs,2021-01-21,
336,Spanish,Freya Mccormick,2022-08-15,
337,German,Kurt Holmes,2022-07-20,
338,Instrumental Music,Julian Hamilton,2021-11-09,
339,Instrumental Music,Chelsea May,2022-06-29,
340,Accounting,Elisabeth Gordon,2022-03-23,
341,Basic Math,Havana Daniells,2021-04-05,
342,Basic Math,Oliver Porter,2022-03-30,
343,Science,Emely Mccall,2021-12-12,
344,French,Doug Campbell,2022-07-26,
345,English IV,Joseph Tailor,2022-02-02,
346,Modern Literature,Marla Zaoui,2020-12-09,
347,Basic Math,Bart Ellwood,2021-01-15,
348,Design and technology,Celina Wellington,2021-02-02,
349,Sociology,Megan Middleton,2021-12-25,
350,Earth Science,Barney Rixon,2021-06-18,
351,Basic Math,Gemma Ingham,2021-07-30,
352,Ancient Civilizations,Denis Newman,2021-08-16,
353,Spanish,Benny Calderwood,2022-10-09,
354,American Literature,Celina Owen,2022-03-11,
355,Trigonometry,Mandy Bell,2021-04-11,
356,Latin,Candace Ross,2021-04-15,
357,LOGIC,Ramon Lindop,2020-12-09,
358,Modern Literature,Rufus Harrison,2022-07-14,
359,American Literature,Peyton Harris,2022-01-29,
360,Health,Wendy Clark,2021-10-01,
361,History,Mike Gunn,2021-10-04,
362,Leadership,Renee Owens,2022-01-05,
363,Instrumental Music,Skylar Richardson,2021-10-21,
364,Earth Science,Lindsay Tobin,2022-04-11,
365,Sociology,Rick Marshall,2021-01-23,
366,Economics,Julian Stuart,2021-12-21,
367,Handwriting,Julius Baker,2021-04-01,
368,German,Brooklyn Boyle,2022-07-03,
369,English IV,Luke Jarvis,2022-03-10,
370,Science,Danielle Clark,2021-02-18,
371,Accounting,Cristal Adler,2022-11-11,
372,LOGIC,Danielle Holmes,2022-11-06,
373,Mathematics,Eden Driscoll,2021-11-27,
374,Music,Marissa Lunt,2022-03-20,
375,Handwriting,Rebecca Kirby,2022-02-16,
376,Latin,Bart Rehman,2022-10-09,
377,Earth Science,Oliver Eddison,2021-07-19,
378,Accounting,Michael Stevens,2021-04-03,
379,Dramatics,Alexander Adams,2022-01-04,
380,History,Irene Leigh,2021-11-18,
381,Handwriting,George Drake,2021-07-06,
382,Geography,Maggie Doherty,2022-09-09,
383,Trigonometry,George Isaac,2021-03-25,
384,Speech,Olivia Hardwick,2020-12-05,
385,Ancient Civilizations,Felicity Fall,2022-01-08,
386,Health,Jasmine Thomas,2022-06-08,
387,Accounting,Melody Harvey,2021-06-06,
388,LOGIC,Ronald Turner,2021-04-30,
389,Speech,John Ripley,2022-08-08,
390,History,Melinda Woodcock,2021-01-31,
391,Mathematics,Daniel Cann,2021-12-25,
392,Economics,Chuck Flynn,2022-05-03,
393,Accounting,Janelle Barrett,2021-07-14,
394,Design and technology,Bryon Benson,2021-06-19,
395,Ecology,Ally Savage,2022-06-16,
396,Physical Education,Lynn Mcgregor,2020-12-09,
397,Basic Math,Doug Wheeler,2021-09-17,
398,Grammar,Maxwell Myatt,2021-11-05,
399,Science,Julian Ianson,2021-09-23,
400,Mathematics,Clint Faulkner,2022-01-24,
401,Music,Kimberly Ward,2021-12-13,
402,Geography,Eduardo Harris,2022-04-05,
403,Geography,Macy Ellis,2021-05-21,
404,Basic Math,Courtney London,2021-07-09,
405,Geography,Chad Swift,2021-04-16,
406,Dramatics,Eduardo Curtis,2021-08-06,
407,Art,Matt Allen,2022-10-19,
408,Art,Bart Harrison,2021-03-17,
409,German,Nathan Fisher,2021-01-25,
410,Design and technology,Jolene Weston,2022-02-08,
411,Accounting,Manuel Henderson,2021-07-12,
412,Instrumental Music,Bob Larsen,2022-01-17,
413,Art,Evelynn Miller,2020-12-14,
414,Grammar,Vicky Utterson,2021-09-29,
415,French,Paula Kaur,2021-11-14,
416,Leadership,Lana Walsh,2021-11-13,
417,Ancient Civilizations,Daniel Fleming,2022-03-26,
418,Health,Fred Summers,2020-12-08,
419,Sociology,Boris Shelton,2021-09-26,
420,Spanish,Melanie Camden,2022-10-14,
421,French,Barry Bennett,2021-07-30,
422,LOGIC,Danny Pond,2022-07-01,
423,French,Kassandra Walsh,2021-10-08,
424,Health,Nicholas Gunn,2021-12-19,
425,History,Leanne Emerson,2022-02-06,
426,Trigonometry,Ramon Khan,2022-11-19,
427,Basic Math,Cynthia Drew,2021-04-13,
428,Leadership,Ivy Turner,2021-02-23,
429,Health,Rocco Malone,2022-04-13,
430,Sociology,Joseph Neville,2022-04-10,
431,American Literature,Benjamin Mullins,2022-09-16,
432,Handwriting,Noah Patel,2021-04-10,
433,Ecology,Anne Nanton,2021-10-10,
434,Music,Jamie Cassidy,2022-04-05,
435,Dramatics,Phoebe Windsor,2021-07-02,
436,Music,Anabel Paterson,2021-08-29,
437,American Literature,Sofia Ralph,2022-04-23,
438,Language Arts,Felicity Bradley,2021-03-16,
439,Language Arts,Evie Russell,2021-12-28,
440,French,Ivette Murphy,2022-03-15,
441,Ecology,Elle Walsh,2021-12-04,
442,Geography,Jacob Buckley,2021-12-14,
443,History,Phoebe Sherry,2022-10-18,
444,Modern Literature,Wade Eastwood,2021-09-26,
445,Design and technology,Aiden Lakey,2022-09-04,
446,Mathematics,Carla Brown,2022-08-11,
447,Physical Education,Sydney Judd,2021-10-13,
448,Sociology,Tess Gaynor,2021-08-23,
449,Dramatics,Quinn Bradley,2021-11-21,
450,Language Arts,Chadwick Nash,2022-10-26,
451,Music,Kamila Cassidy,2022-06-07,
452,Handwriting,Logan Button,2022-03-22,
453,Science,William Reynolds,2021-12-12,
454,Accounting,Oliver Powell,2021-12-03,
455,Speech,Danielle Bloom,2022-02-19,
456,LOGIC,Owen Gaynor,2022-07-28,
457,Mathematics,Vicky Knight,2022-11-02,
458,Trigonometry,Ron Bell,2022-04-29,
459,French,Faith Collins,2021-09-26,
460,Design and technology,Liv Wright,2022-10-19,
461,LOGIC,Sasha Drummond,2021-12-27,
462,English IV,Josephine Saunders,2021-01-23,
463,American Literature,Rosalee Swan,2020-12-17,
464,Art,Lucy Wade,2022-04-15,
465,Instrumental Music,Boris Whatson,2021-09-11,
466,LOGIC,Manuel Bell,2022-10-13,
467,Ancient Civilizations,Ivy May,2020-12-01,
468,Modern Literature,Roger Robinson,2022-04-26,
469,Economics,Cameron Dunbar,2022-09-03,
470,English IV,Kirsten Miller,2022-01-03,
471,German,Chris Attwood,2021-05-03,
472,Resource Program,Stacy Morley,2022-05-01,
473,Trigonometry,Matt Hopkinson,2022-06-20,
474,Ecology,Phillip Weston,2021-01-11,
475,Physical Education,Jack Summers,2022-02-08,
476,German,Darlene Hardwick,2021-06-18,
477,French,Dorothy Archer,2021-06-14,
478,French,Leilani Clifton,2022-08-25,
479,Handwriting,Benny Morrow,2022-11-26,
480,Ecology,Courtney Uttridge,2021-06-30,
481,Design and technology,Jessica Freeburn,2021-10-30,
482,Spanish,Russel Pierce,2021-12-30,
483,Art,Logan Parr,2021-07-07,
484,LOGIC,Tara Evans,2021-01-06,
485,Language Arts,Hanna Dobson,2022-09-12,
486,Trigonometry,Boris Wright,2022-11-07,
487,History,Ema Rothwell,2021-10-30,
488,Music,Julian Higgs,2021-01-18,
489,Ancient Civilizations,Brad Graham,2022-02-22,
490,Earth Science,Barry Spencer,2021-11-07,
491,Leadership,Tom Baxter,2021-10-01,
492,Spanish,Beatrice Fisher,2021-03-20,
493,Physical Education,Ruby Hopkins,2021-09-27,
494,Latin,Chester Mann,2021-05-20,
495,Dramatics,Angelica Lunt,2021-06-20,
496,Spanish,David Oliver,2022-11-01,
497,Ancient Civilizations,Eduardo Moore,2021-03-22,
498,Resource Program,Abbey Ellison,2022-07-08,
499,Sociology,Bryon West,2022-05-02,
500,Instrumental Music,Julian Lomax,2022-09-25,
501,History,Johnny Allwood,2021-10-13,
502,Ecology,Audrey Parsons,2022-10-12,
503,Grammar,Javier Bingham,2022-04-25,
504,Music,Jack Tobin,2022-05-19,
505,Earth Science,Jessica Williams,2021-08-13,
506,Ecology,Phillip Clifford,2021-12-30,
507,Dramatics,Joseph Vass,2022-06-04,
508,Grammar,Eduardo Allen,2022-09-13,
509,Design and technology,Amy Gilmore,2021-03-15,
510,Latin,Eduardo Butler,2021-12-31,
511,History,Alma Hepburn,2021-10-23,
512,History,Lana Walker,2021-09-04,
513,Latin,Rocco Reid,2021-07-17,
514,Music,Rosemary May,2021-11-09,
515,American Literature,Adeline Jeffery,2022-03-26,
516,Ecology,Carol Mould,2022-09-24,
517,Sociology,Cristal Saunders,2021-03-25,
518,Instrumental Music,Jacob Nobbs,2022-05-19,
519,Basic Math,Denis Parr,2021-05-12,
520,Physical Education,Emely Casey,2022-04-10,
521,German,Maxwell Palmer,2022-11-02,
522,Basic Math,Lucas Cavanagh,2022-01-13,
523,Accounting,Savannah Saunders,2021-08-26,
524,History,Kimberly Haines,2022-09-19,
525,Instrumental Music,Daniel Fox,2022-07-16,
526,French,Trisha Daniells,2021-07-06,
527,Mathematics,Roger Morrison,2020-12-31,
528,Music,Maxwell Bayliss,2020-12-22,
529,Basic Math,Matthew Dixon,2021-04-14,
530,Sociology,Maxwell Hobson,2021-05-14,
531,History,Noah Mccormick,2022-02-10,
532,Ecology,Josephine Buckley,2021-07-22,
533,Speech,Javier Mackenzie,2021-11-28,
534,Spanish,Brad Coll,2022-10-03,
535,English IV,Sylvia Fowler,2021-08-09,
536,Language Arts,Carl Spencer,2022-07-04,
537,Geography,Shelby Rogers,2022-07-06,
538,German,Makena Notman,2021-07-30,
539,Latin,Isabella Mackenzie,2022-10-17,
540,Handwriting,Kamila Wallace,2021-01-18,
541,LOGIC,Martha Hunt,2022-01-27,
542,History,Stella Khan,2021-12-10,
543,LOGIC,Noemi Gordon,2022-09-16,
544,Trigonometry,Nicholas Hall,2022-10-28,
545,Leadership,Fred Zaoui,2022-04-28,
546,LOGIC,Ramon Knight,2021-02-28,
547,Trigonometry,Gina Moss,2021-10-06,
548,History,Destiny Alcroft,2021-06-22,
549,Spanish,Emma Drew,2022-10-22,
550,Dramatics,Nathan Murray,2022-10-10,
551,Health,Christy White,2022-01-05,
552,Trigonometry,Angelique Bradshaw,2022-03-25,
553,Dramatics,Cassidy Durrant,2022-04-24,
554,Trigonometry,Deborah Ingram,2022-05-16,
555,Design and technology,Kieth Cooper,2021-03-27,
556,Grammar,Dakota Phillips,2021-07-22,
557,Health,Sebastian Jackson,2021-05-29,
558,Language Arts,David Sawyer,2022-07-12,
559,Mathematics,Aisha Alexander,2022-05-25,
560,Sociology,Greta Waterson,2021-11-23,
561,Trigonometry,Tess Brett,2021-03-18,
562,History,Benny Woodley,2022-02-26,
563,Economics,Kimberly Brooks,2022-02-14,
564,German,Scarlett Richardson,2022-11-04,
565,Instrumental Music,Sage Butler,2021-02-15,
566,Leadership,Erick Edwards,2021-07-24,
567,Economics,Meredith Rust,2021-11-25,
568,Physical Education,Daniel Mackenzie,2021-06-29,
569,Spanish,Abbey Tindall,2022-06-14,
570,History,Tom Roberts,2021-06-03,
571,Health,Jacob Osmond,2021-12-15,
572,Mathematics,Zara Davies,2021-10-30,
573,Design and technology,Rowan Mcleod,2022-11-09,
574,French,Danny Ebden,2022-03-13,
575,Design and technology,Leroy Irving,2022-11-15,
576,French,Anne Ashwell,2021-01-29,
577,Basic Math,Goldie Vince,2022-05-10,
578,Modern Literature,Denny Collins,2021-12-13,
579,French,Carl Amstead,2022-09-28,
580,Accounting,Winnie Darcy,2022-10-03,
581,Earth Science,Jennifer Anderson,2022-01-28,
582,German,Regina Archer,2021-10-03,
583,Resource Program,Caleb Cameron,2022-01-31,
584,Earth Science,Erick Dann,2022-06-28,
585,Latin,Matt Beal,2022-02-05,
586,Leadership,Mason Osman,2022-04-04,
587,Design and technology,Louise Glynn,2021-04-16,
588,American Literature,Ilona Upton,2021-08-19,
589,Sociology,Marvin Reading,2021-08-22,
590,Resource Program,Gabriel Patel,2021-08-08,
591,Speech,George Carson,2022-03-07,
592,Modern Literature,Ivy Clarkson,2021-01-02,
593,Mathematics,Lily Ebbs,2022-01-20,
594,American Literature,Benny Jarvis,2022-04-10,
595,Accounting,Marvin Connor,2021-10-27,
596,Geography,Tara Mills,2022-02-24,
597,Ecology,Martin Asher,2022-05-24,
598,Mathematics,Charlize Woodcock,2021-12-17,
599,LOGIC,Alex Isaac,2021-03-11,
600,LOGIC,Carter Morris,2022-07-28,
601,Basic Math,Liam Varndell,2022-05-06,
602,Physical Education,Marigold Rowlands,2021-06-01,
603,Dramatics,Hayden Baldwin,2022-10-14,
604,German,Quinn Thomas,2021-03-03,
605,German,Margot Bennett,2021-10-06,
606,History,Zoe Rixon,2022-06-24,
607,Health,Melanie Plant,2022-03-01,
608,Modern Literature,Jules Lloyd,2021-09-02,
609,Ecology,Peyton Anderson,2021-01-30,
610,Geography,Carter Flynn,2021-09-10,
611,Language Arts,Domenic Hobbs,2021-01-03,
612,American Literature,Ramon Villiger,2021-12-01,
613,Dramatics,Carissa Emmott,2022-06-21,
614,Ancient Civilizations,Julius Khan,2022-09-09,
615,Basic Math,Harry Fleming,2022-06-29,
616,Sociology,Nancy Lunt,2021-04-20,
617,Music,Manuel Baxter,2021-07-05,
618,Leadership,Scarlett Lee,2022-11-03,
619,Sociology,Chelsea Larsen,2022-09-29,
620,Sociology,Bob Bryant,2021-04-08,
621,Speech,Isabella Mason,2021-12-04,
622,Grammar,Nicholas Shields,2021-10-30,
623,Sociology,Alma Dann,2020-12-06,
624,Modern Literature,Logan Barrett,2021-05-31,
625,Leadership,Chester Thorpe,2021-07-24,
626,Science,Michael Robertson,2021-11-14,
627,Art,Clint Saunders,2021-01-31,
628,Art,Marvin Yang,2021-04-28,
629,Economics,Johnathan Cox,2022-02-05,
630,Speech,Johnny Lucas,2021-04-18,
631,American Literature,Hannah Adams,2022-01-21,
632,Ancient Civilizations,Remy Hamilton,2021-09-26,
633,Art,Ramon Roberts,2021-10-31,
634,Handwriting,Tyler Todd,2022-06-26,
635,LOGIC,Beatrice Pierce,2021-12-11,
636,Instrumental Music,Mayleen Dickson,2022-09-06,
637,Modern Literature,Shannon Johnson,2020-12-04,
638,Basic Math,Maya Mcneill,2022-02-11,
639,History,Julian Garner,2021-01-06,
640,Ecology,Leroy Wright,2021-07-02,
641,Latin,Chadwick Davies,2021-04-07,
642,Geography,Elly Mason,2021-03-11,
643,Accounting,Nicholas Olivier,2021-04-12,
644,LOGIC,Wade Robertson,2021-03-23,
645,Accounting,Phillip Greenwood,2022-10-12,
646,French,Kaylee Powell,2022-03-31,
647,Instrumental Music,Helen Andrews,2021-09-07,
648,Grammar,Jamie Redfern,2021-02-23,
649,History,Kaylee Ellwood,2022-06-27,
650,Instrumental Music,Celia Wood,2020-12-03,
651,Health,Jackeline Tobin,2021-06-05,
652,Music,Mike Lynch,2022-08-30,
653,Accounting,Bryon Woodley,2021-01-02,
654,Dramatics,Phillip Olson,2021-03-06,
655,Instrumental Music,Karen Mcleod,2021-03-10,
656,Latin,Lara Owen,2021-10-21,
657,Science,Lucy Clarke,2022-06-01,
658,Ecology,William Bristow,2021-04-12,
659,Art,Johnny Milner,2022-02-18,
660,Ecology,Dalia Gilmour,2022-03-27,
661,History,Alexia Holmes,2022-09-07,
662,Earth Science,Michelle Townend,2022-03-24,
663,English IV,Ruth Brown,2020-12-24,
664,Basic Math,Chester Graves,2021-04-23,
665,Geography,Ryan Callan,2021-09-26,
666,Handwriting,Jackeline Richardson,2021-11-08,
667,Resource Program,Goldie Ellis,2022-04-16,
668,Language Arts,Alan Purvis,2022-09-30,
669,Resource Program,Gil Styles,2021-07-29,
670,Accounting,Camila Stevens,2021-12-23,
671,Design and technology,Summer Jenkin,2022-09-15,
672,Spanish,Juliette Davies,2021-07-26,
673,History,Celina Olivier,2022-08-25,
674,Language Arts,Livia Bishop,2022-11-29,
675,Ecology,Chelsea Grady,2021-10-23,
676,Art,Molly Ellwood,2021-05-29,
677,English IV,Tony Whittle,2022-01-06,
678,Sociology,Madelyn Mcnally,2021-06-15,
679,Language Arts,Marigold Sloan,2021-04-01,
680,Accounting,Courtney Lane,2021-04-27,
681,Ecology,Ethan Griffiths,2022-06-09,
682,LOGIC,Eileen Vangness,2021-04-18,
683,Leadership,Johnathan Morris,2022-01-19,
684,Handwriting,Drew Whatson,2022-01-07,
685,Science,Agnes Riley,2022-08-14,
686,Mathematics,Dorothy Rothwell,2022-11-17,
687,Latin,Chuck Anderson,2022-06-16,
688,English IV,Kieth Bingham,2021-01-22,
689,Ancient Civilizations,Eileen Roth,2022-01-19,
690,Resource Program,Jade Shaw,2022-01-02,
691,Spanish,Ada Baker,2020-12-15,
692,Trigonometry,Johnathan Lomax,2021-10-23,
693,Dramatics,Mike Radley,2021-11-19,
694,Ecology,Chris Stubbs,2021-11-26,
695,Instrumental Music,Carol Shaw,2020-12-05,
696,Leadership,Joy Archer,2022-06-06,
697,Health,Danny Brock,2021-08-19,
698,Music,Catherine King,2022-06-26,
699,Grammar,William Davies,2021-02-06,
700,French,Candice Judd,2021-10-29,
701,Speech,Bethany Clark,2022-09-18,
702,Dramatics,Miriam Eddison,2022-04-02,
703,Health,Marvin Simpson,2021-10-12,
704,Earth Science,Doug Mitchell,2021-09-06,
705,German,Matt Herbert,2022-10-12,
706,LOGIC,Ryan Freeburn,2022-11-29,
707,American Literature,Mary Potter,2021-06-05,
708,Ecology,Ada Isaac,2022-10-13,
709,Economics,Mandy Allen,2021-01-27,
710,History,Enoch Fox,2022-07-01,
711,Geography,Madison Brennan,2022-05-10,
712,Spanish,Dorothy Shields,2021-05-21,
713,Resource Program,Rae Malone,2022-06-12,
714,Physical Education,Ember Noach,2021-12-31,
715,Mathematics,Jayden Addis,2022-12-02,
716,Geography,Lillian Gilbert,2021-03-02,
717,Basic Math,Shannon Widdows,2022-03-12,
718,Handwriting,Ronald Pope,2022-08-13,
719,French,Bryon Reid,2021-07-16,
720,French,Greta Rixon,2022-01-19,
721,Spanish,Danny Plant,2022-12-01,
722,Sociology,Danielle Grady,2021-12-21,
723,Instrumental Music,Owen Cadman,2021-02-14,
724,Latin,David Wright,2022-10-22,
725,Sociology,Cristal Exton,2021-04-25,
726,American Literature,Adelaide Barrett,2021-11-12,
727,Music,Matthew Kennedy,2022-11-18,
728,Ecology,Jacob Farmer,2021-06-29,
729,Handwriting,Maribel Pratt,2022-11-25,
730,Ecology,Chester Adams,2021-09-07,
731,Handwriting,Mike Lane,2022-06-08,
732,Basic Math,Carter Bayliss,2021-12-18,
733,Modern Literature,Luke Rixon,2022-09-09,
734,Accounting,Jazmin Woodcock,2022-08-16,
735,Handwriting,Margot Vinton,2021-04-01,
736,Sociology,Denis Aldridge,2021-07-18,
737,Speech,Leilani Janes,2021-07-22,
738,Accounting,Liam Hardwick,2021-05-02,
739,Trigonometry,Emma Donnelly,2021-11-07,
740,Economics,David Rixon,2022-08-01,
741,Design and technology,Holly Johnson,2022-04-08,
742,Resource Program,Erin Partridge,2022-05-05,
743,Leadership,Domenic Bayliss,2022-08-18,
744,Grammar,Analise Coll,2021-03-18,
745,LOGIC,Marigold Wigley,2021-07-10,
746,Ancient Civilizations,Ronald Sherry,2021-05-31,
747,Spanish,Robyn Heaton,2020-12-30,
748,Instrumental Music,Marina Vincent,2021-11-13,
749,LOGIC,Bob Egerton,2022-12-02,
750,Resource Program,Henry Brown,2022-11-25,
751,Latin,Miley Parr,2022-06-04,
752,Speech,Eden Whitehouse,2021-10-09,
753,Music,Peyton Chappell,2021-08-13,
754,Language Arts,Ivy Booth,2020-12-01,
755,Ecology,Julian Kent,2021-01-23,
756,Health,Chester Russel,2022-08-22,
757,Dramatics,Lillian Powell,2021-07-17,
758,Language Arts,Leroy Bennett,2020-12-30,
759,Mathematics,Rosalyn Wilson,2021-10-18,
760,French,Elle Flynn,2022-01-28,
761,Grammar,Martha Bentley,2021-07-08,
762,Music,Judith Edwards,2022-08-31,
763,German,Isabella Whitehouse,2022-10-28,
764,Ecology,Denny Rehman,2021-10-05,
765,Health,Cara Oldfield,2022-05-17,
766,Resource Program,Cassidy Truscott,2022-05-25,
767,Instrumental Music,Kimberly Antcliff,2021-01-13,
768,English IV,Valerie Gallacher,2021-03-19,
769,Leadership,Deborah Patel,2022-06-30,
770,Design and technology,Rosalee Drummond,2021-10-10,
771,Art,Josh Parker,2021-12-25,
772,History,Carter Mcgregor,2021-06-08,
773,Ecology,Mandy Griffiths,2020-12-14,
774,Ecology,Cedrick Allen,2022-11-25,
775,Geography,Jennifer Lowe,2021-05-15,
776,Grammar,Chester Marshall,2021-11-11,
777,Trigonometry,Peter Walker,2022-01-09,
778,Mathematics,Jayden Hastings,2022-01-18,
779,LOGIC,Luke Cunningham,2022-01-02,
780,Grammar,Alan Hudson,2022-04-16,
781,Music,Matt Franks,2021-01-03,
782,Accounting,Sienna Dempsey,2021-07-07,
783,Trigonometry,Enoch Shaw,2022-04-06,
784,Ancient Civilizations,Helen Bell,2021-12-21,
785,Handwriting,Danielle Emmott,2021-12-29,
786,Science,Alan Gordon,2022-07-20,
787,Mathematics,Bryce Lindsay,2021-06-28,
788,French,Carter Noon,2022-02-22,
789,Ecology,Jamie Walsh,2022-08-10,
790,Earth Science,Elijah Darcy,2022-04-08,
791,Ancient Civilizations,Melody Bryson,2021-01-23,
792,American Literature,Miley Chadwick,2022-11-28,
793,American Literature,Robyn Richardson,2022-07-30,
794,Science,Bethany Garcia,2021-05-12,
795,Grammar,Priscilla Jennson,2021-08-18,
796,Earth Science,Alexander Clifton,2020-12-19,
797,Earth Science,Emmanuelle Oswald,2021-04-28,
798,Geography,David Booth,2022-11-08,
799,American Literature,Hank Johnson,2022-08-27,
800,American Literature,Rosa Marshall,2022-03-18,
801,Trigonometry,Enoch Bristow,2021-05-22,
802,Instrumental Music,Emely Skinner,2021-09-30,
803,French,Chelsea Simpson,2021-02-22,
804,LOGIC,Tyson Lindsay,2021-12-30,
805,English IV,Rylee Stone ,2021-12-15,
806,Accounting,Lauren Hamilton,2022-09-10,
807,Speech,Chelsea Drummond,2022-01-10,
808,Science,Tyson Franks,2022-08-18,
809,Grammar,Juliette Mcguire,2020-12-26,
810,Ancient Civilizations,Caleb Evans,2022-02-19,
811,Ecology,Paula Warren,2022-02-27,
812,Instrumental Music,Marilyn Holt,2022-02-16,
813,Music,Cristal Blythe,2022-01-14,
814,Dramatics,Anabelle Hepburn,2022-08-08,
815,Sociology,Leah Watt,2022-08-13,
816,Handwriting,Karla Durrant,2021-10-09,
817,Resource Program,Naomi Mills,2022-03-02,
818,Science,Carter Utterson,2022-06-15,
819,English IV,Enoch Ashwell,2022-01-01,
820,LOGIC,Caleb Randall,2021-05-01,
821,LOGIC,Daniel Roberts,2022-03-24,
822,Economics,Mya Fleming,2021-02-16,
823,Spanish,Carl Pierce,2022-02-07,
824,Resource Program,Logan Yates,2020-12-30,
825,Basic Math,Martin Grey,2021-02-21,
826,Instrumental Music,Denis Rowlands,2021-02-04,
827,Latin,Livia Quinn,2022-01-01,
828,Ecology,Chuck Sloan,2022-02-18,
829,Grammar,Trisha Ellis,2021-03-27,
830,Economics,Celia Baxter,2022-11-15,
831,Leadership,Kieth Niles,2020-12-05,
832,Geography,Anabel Gardner,2022-03-08,
833,Ancient Civilizations,Tyler Quinn,2022-02-17,
834,Basic Math,Sebastian Allington,2021-05-01,
835,German,Mason Edwards,2021-10-14,
836,Accounting,Aiden Coleman,2022-10-15,
837,Sociology,Carter Abbey,2021-02-22,
838,Economics,Ryan Weldon,2022-09-25,
839,Resource Program,Julianna Farrell,2021-07-22,
840,Sociology,Nancy Mann,2021-08-30,
841,American Literature,Ron Wade,2021-07-06,
842,Mathematics,Noah Mackenzie,2021-06-21,
843,Physical Education,Rick Drummond,2021-08-30,
844,Design and technology,Keira Ward,2021-01-12,
845,Spanish,Keira Riley,2022-03-28,
846,Basic Math,Aiden Morgan,2022-04-05,
847,Design and technology,Piper Morgan,2022-08-01,
848,Resource Program,Tony Ranks,2021-10-29,
849,Grammar,Kendra Lindop,2021-03-19,
850,German,Mary Wren,2021-05-13,
851,Basic Math,Cadence Herbert,2021-09-11,
852,German,Jasmine Mitchell,2022-01-01,
853,Resource Program,Aiden Waterson,2021-04-25,
854,Dramatics,Mark Spencer,2022-08-27,
855,Earth Science,Dorothy Bryson,2022-05-18,
856,Grammar,Enoch Saunders,2022-07-14,
857,Earth Science,Alexander York,2021-07-31,
858,Speech,Benny Moore,2022-04-12,
859,LOGIC,Bridget Mcgee,2021-04-11,
860,Handwriting,Sadie Ellwood,2022-01-31,
861,Modern Literature,Rufus Dyson,2021-09-29,
862,Ancient Civilizations,Doug Pierce,2021-09-13,
863,Physical Education,Marie Wilkinson,2021-09-23,
864,Earth Science,Hayden Ellis,2022-07-03,
865,Earth Science,Gabriel Snell,2021-03-06,
866,Accounting,Hailey Fowler,2022-09-04,
867,Speech,Javier Lynch,2021-03-04,
868,Sociology,Henry Tanner,2022-10-01,
869,Design and technology,Phillip Thomson,2021-10-27,
870,Instrumental Music,Nicholas Stevens,2020-12-11,
871,Instrumental Music,Roger Fall,2022-06-16,
872,Modern Literature,Danny Wilson,2021-02-18,
873,French,Rick Ward,2022-02-15,
874,Geography,Carol Quinn,2022-10-30,
875,Leadership,Abbey Barrett,2022-07-21,
876,Ecology,Cedrick Fulton,2021-10-22,
877,Dramatics,Oliver Reading,2022-04-21,
878,Handwriting,Doris Cork,2021-09-16,
879,Modern Literature,Natalie Vallins,2022-10-04,
880,Ecology,Nancy Lewis,2021-03-14,
881,Music,Mike Ashley,2021-07-23,
882,French,Noah Moore,2021-07-24,
883,LOGIC,Penny Villiger,2022-01-18,
884,Handwriting,Chelsea Lowe,2021-12-17,
885,Latin,Ryan Dwyer,2022-07-21,
886,Spanish,Sebastian Ashwell,2021-06-14,
887,Earth Science,Bryce Pope,2022-08-18,
888,Physical Education,Fred Richardson,2021-01-25,
889,Spanish,Chad Gray,2021-05-09,
890,Grammar,Parker Newman,2022-05-18,
891,German,Melody Bishop,2021-11-17,
892,Physical Education,Nicholas Ranks,2021-02-13,
893,Grammar,Jacob Wheeler,2022-04-04,
894,Music,Barney Bloom,2022-11-05,
895,German,Ryan Tutton,2021-09-24,
896,Basic Math,Maddison Matthews,2021-06-18,
897,Latin,Clint Bishop,2022-05-02,
898,American Literature,Chuck Butler,2021-03-17,
899,Dramatics,Rosalie Callan,2022-07-19,
900,Dramatics,Oliver Stone ,2022-07-10,
901,Basic Math,Rocco Harris,2021-11-19,
902,Language Arts,Hailey Porter,2022-07-22,
903,Instrumental Music,Olivia Wright,2021-03-24,
904,German,Celina Blythe,2021-02-28,
905,Sociology,Monica Booth,2021-05-19,
906,Ancient Civilizations,Mary Allington,2022-07-05,
907,Spanish,Celina Windsor,2022-01-16,
908,American Literature,Chuck Hope,2021-05-31,
909,Latin,Valentina Parker,2022-01-02,
910,Leadership,David Upsdell,2022-08-02,
911,Science,Cara Booth,2021-08-04,
912,Resource Program,Aiden Niles,2021-04-09,
913,LOGIC,Nathan Hobson,2022-02-07,
914,Sociology,Priscilla Partridge,2021-03-27,
915,Dramatics,Julius Cooper,2022-05-31,
916,American Literature,Makenzie Vernon,2021-07-10,
917,Physical Education,Harriet Cassidy,2021-12-07,
918,Art,Bryce Bryson,2021-01-20,
919,Modern Literature,Logan Stark,2022-07-13,
920,Language Arts,Maxwell Bradshaw,2022-08-15,
921,Economics,Jules Maxwell,2021-02-03,
922,Latin,Ethan Bowen,2021-11-23,
923,Mathematics,Camila Lee,2022-01-23,
924,German,Diane Forester,2022-08-06,
925,Language Arts,Kurt Cowan,2021-02-04,
926,Dramatics,Matthew Hobson,2021-04-13,
927,English IV,Henry Farrell,2021-04-24,
928,English IV,Barry Wooldridge,2021-01-29,
929,Modern Literature,Teagan Davies,2021-11-20,
930,Design and technology,Marvin Roberts,2021-12-14,
931,Ancient Civilizations,Blake Weasley,2021-06-05,
932,Accounting,Liam Parker,2022-07-30,
933,Science,Mavis Johnson,2022-01-21,
934,Language Arts,Esmeralda Coates,2021-10-28,
935,Spanish,Iris Appleton,2022-01-21,
936,Geography,Chris Lucas,2021-02-09,
937,Science,Logan Walsh,2021-02-10,
938,Ancient Civilizations,Hayden Addison,2022-06-07,
939,Art,George Jarrett,2022-05-07,
940,Leadership,Rosalie Morris,2022-10-16,
941,Ecology,Kimberly Willson,2022-04-02,
942,English IV,Irene Redwood,2021-01-04,
943,Health,Phillip Lewis,2021-11-02,
944,Earth Science,Anabel Nielson,2020-12-05,
945,Music,Jayden Oldfield,2022-07-07,
946,Physical Education,Alexander Gilmore,2022-10-15,
947,Dramatics,Cassidy Taylor,2021-05-13,
948,Music,Mina Blythe,2020-12-14,
949,Handwriting,Holly Rehman,2021-10-22,
950,Resource Program,Maria Shelton,2022-05-14,
951,Handwriting,Eve Hill,2022-06-02,
952,Trigonometry,Maxwell Donnelly,2021-11-12,
953,Art,Margaret Ward,2021-08-15,
954,Mathematics,Evelynn Wood,2021-03-04,
955,Accounting,Enoch Owen,2022-11-20,
956,French,Martin Whatson,2021-11-02,
957,Physical Education,Fred Wallace,2021-10-25,
958,History,Julianna Becker,2022-05-31,
959,Science,Vicky Davies,2021-05-17,
960,Basic Math,Madelyn Clarke,2022-07-18,
961,Geography,Domenic Harrison,2021-09-18,
962,LOGIC,Erick Maxwell,2021-06-02,
963,Dramatics,Ethan Taylor,2021-05-21,
964,Leadership,Kimberly Alldridge,2021-03-19,
965,Trigonometry,Margaret Newman,2022-08-28,
966,Art,Anais Jenkin,2022-12-02,
967,Ecology,Jack Mullins,2022-07-15,
968,Sociology,Sara Smith,2021-08-12,
969,Dramatics,Adeline Uttridge,2021-02-10,
970,Language Arts,Bob Crawley,2022-02-04,
971,Accounting,Denny Edley,2021-01-09,
972,Resource Program,Carter Trent,2022-06-09,
973,Mathematics,George Antcliff,2021-04-19,
974,Earth Science,Leroy Allington,2021-07-12,
975,Economics,Angelica Kelly,2021-01-02,
976,Sociology,Ryan Vinton,2022-11-19,
977,History,Angela Larsen,2021-10-17,
978,Ecology,Sabina Morris,2022-02-26,
979,German,Julius Attwood,2022-07-04,
980,Trigonometry,Hadley Jobson,2021-04-03,
981,Trigonometry,Chad Power,2021-08-13,
982,French,Louise Lloyd,2022-05-22,
983,LOGIC,Mason May,2022-08-22,
984,LOGIC,Angel May,2022-02-16,
985,Trigonometry,Alba Powell,2022-09-01,
986,Ecology,Alexander Lee,2021-12-18,
987,Basic Math,Erick Smith,2021-02-20,
988,Music,Ally Roberts,2021-08-13,
989,Modern Literature,Jade Drummond,2021-07-12,
990,Geography,Eduardo Judd,2020-12-09,
991,French,Ruby Squire,2021-06-15,
992,Ecology,Laila Walker,2022-09-24,
993,Economics,George John,2022-06-21,
994,Dramatics,Abdul Wade,2021-03-10,
995,Grammar,Rosalie Moore,2020-12-17,
996,Mathematics,Paige Shaw,2021-03-06,
997,Earth Science,Peter Marshall,2020-12-16,
998,Economics,Ramon Sylvester,2022-06-20,
999,Latin,Eduardo Allen,2022-07-22,
1000,Ancient Civilizations,Sharon Warner,2022-10-08,
